{"cameraMode":{"drawMode":0,"name":"Shaded","section":"Shading Mode"},"sceneLighting":true,"audioPlay":false,"sceneViewState":{"showFog":true,"showMaterialUpdate":false,"showSkybox":true,"showFlares":true,"showImageEffects":true,"showParticleSystems":true},"in2DMode":false,"pivot":{"x":3.6769840717315676,"y":28.990886688232423,"z":7.154212951660156},"rotation":{"x":0.5661319494247437,"y":0.08372674137353897,"z":-0.05794656276702881,"w":0.8180018663406372},"size":17.148174285888673,"orthographic":false}