{"cameraMode":{"drawMode":0,"name":"Shaded","section":"Shading Mode"},"sceneLighting":true,"audioPlay":false,"sceneViewState":{"showFog":true,"showMaterialUpdate":false,"showSkybox":true,"showFlares":true,"showImageEffects":true,"showParticleSystems":true},"in2DMode":false,"pivot":{"x":-14.380034446716309,"y":15.030915260314942,"z":40.32147979736328},"rotation":{"x":-0.15949729084968568,"y":0.17869040369987489,"z":-0.02936893329024315,"w":-0.970447838306427},"size":23.987388610839845,"orthographic":false}